číslo,název,poř. číslo,"příjmení, jméno, tituly",věk,Navrhující strana,Politická příslušnost,hlasy abs.,hlasy %,Mandát,Pořadí
1,SNK ED,1,Kroupa Daniel  Mgr. Ph.D.,65,SNK ED,BEZPP,2 192,"27,53",-,-
1,SNK ED,2,Sedláčková Olga  Mgr. MBA,51,SNK ED,SNK ED,203,"2,54",-,-
1,SNK ED,3,Vlk Radoslav  Mgr. Ph.D.,39,SNK ED,SNK ED,224,"2,81",-,-
1,SNK ED,4,Halanová Květa  Mgr.,55,SNK ED,SNK ED,152,"1,90",-,-
1,SNK ED,5,Witzany Jiří  Doc. RNDr. Ph.D.,48,SNK ED,SNK ED,554,"6,95",-,-
1,SNK ED,6,Živný René,40,SNK ED,SNK ED,183,"2,29",-,-
1,SNK ED,7,Sýkorová Salome  Ing.,50,SNK ED,SNK ED,115,"1,44",-,-
1,SNK ED,8,Dvořák Stanislav  Bc. DiS.,32,SNK ED,BEZPP,56,"0,70",-,-
1,SNK ED,9,Novotný František  PhDr.,70,SNK ED,BEZPP,151,"1,89",-,-
1,SNK ED,10,Neděla Dalibor  Ing.,43,SNK ED,SNK ED,60,"0,75",-,-
1,SNK ED,11,Sejček Miroslav  Ing.,59,SNK ED,SNK ED,39,"0,48",-,-
1,SNK ED,12,Šichnárek František,67,SNK ED,SNK ED,67,"0,84",-,-
1,SNK ED,13,Míková Libuše  Ing. et Bc.,29,SNK ED,BEZPP,87,"1,09",-,-
1,SNK ED,14,Šamánek Radko  Ing.,58,SNK ED,SNK ED,56,"0,70",-,-
1,SNK ED,15,Béguivin Alan  Mgr.,39,SNK ED,SNK ED,23,"0,28",-,-
1,SNK ED,16,Zábranská Pavlína  Mgr.,36,SNK ED,SNK ED,38,"0,47",-,-
1,SNK ED,17,Miklenda Jaroslav  Ing.,66,SNK ED,SNK ED,64,"0,80",-,-
1,SNK ED,18,Erban Evžen,68,SNK ED,BEZPP,48,"0,60",-,-
1,SNK ED,19,Smolka Pavel  Ing.,47,SNK ED,SNK ED,67,"0,84",-,-
1,SNK ED,20,Šámal Petr,64,SNK ED,SNK ED,20,"0,25",-,-
1,SNK ED,21,Tobolová Olga,55,SNK ED,SNK ED,35,"0,43",-,-
1,SNK ED,22,Drahovzal Jiří  Ing. DiS.,50,SNK ED,SNK ED,15,"0,18",-,-
1,SNK ED,23,Peterková Barbora  Ing. arch.,61,SNK ED,SNK ED,32,"0,40",-,-
1,SNK ED,24,Řezníček Petr  Mgr.,63,SNK ED,SNK ED,109,"1,36",-,-
1,SNK ED,25,Machátová Anna  Bc.,40,SNK ED,BEZPP,71,"0,89",-,-
1,SNK ED,26,Jiroušek Josef,46,SNK ED,SNK ED,16,"0,20",-,-
1,SNK ED,27,Piškula Dymo  Ing.,47,SNK ED,SNK ED,48,"0,60",-,-
1,SNK ED,28,Dohnálek Helmut,48,SNK ED,SNK ED,45,"0,56",-,-
2,Koal. SP a NO!,1,Štědroň Radoslav  RNDr.,59,SP,SP,176,"6,07",-,-
2,Koal. SP a NO!,2,Valdmanová Iva,58,SP,BEZPP,152,"5,24",-,-
2,Koal. SP a NO!,3,Kindermannová Marie  PaedDr.,65,NO!,NO!,102,"3,51",-,-
2,Koal. SP a NO!,4,Jelínek Roman  MUDr.,58,SP,BEZPP,116,"4,00",-,-
2,Koal. SP a NO!,5,Štěpánková Lenka,53,NO!,BEZPP,168,"5,79",-,-
2,Koal. SP a NO!,7,Eliáš Aleš  Ing.,62,SP,BEZPP,40,"1,37",-,-
2,Koal. SP a NO!,8,Kindermann Petr,42,NO!,NO!,75,"2,58",-,-
2,Koal. SP a NO!,9,Joukl Zdeněk,73,SP,BEZPP,31,"1,06",-,-
2,Koal. SP a NO!,10,Koudelka Pavel,42,SP,BEZPP,76,"2,62",-,-
2,Koal. SP a NO!,11,Horák Ladislav,65,NO!,BEZPP,18,"0,62",-,-
2,Koal. SP a NO!,12,Havel Vladimír,61,SP,BEZPP,102,"3,51",-,-
2,Koal. SP a NO!,13,Svoboda Břetislav,47,SP,BEZPP,50,"1,72",-,-
2,Koal. SP a NO!,14,Orszulík Josef,83,SP,BEZPP,64,"2,20",-,-
2,Koal. SP a NO!,15,Dvořáčková Věra,67,SP,BEZPP,41,"1,41",-,-
2,Koal. SP a NO!,16,Valenta Miroslav,53,SP,BEZPP,3,"0,10",-,-
2,Koal. SP a NO!,17,Tábořík Radim,54,SP,BEZPP,4,"0,13",-,-
2,Koal. SP a NO!,18,Šach Petr,66,SP,SP,4,"0,13",-,-
3,KAN,1,Poláková Radka  Ing.,48,KAN,BEZPP,222,"9,33",-,-
3,KAN,2,Domlátil Jiří  Ing.,68,KAN,KAN,76,"3,19",-,-
3,KAN,3,Šimková Romana  Bc.,26,KAN,KAN,102,"4,28",-,-
3,KAN,4,Hučín Vladimír,61,KAN,KAN,398,"16,72",-,-
3,KAN,5,Mašínová Zdeňka,80,KAN,BEZPP,298,"12,52",-,-
3,KAN,6,Holba Pavel  Ing. CSc.,73,KAN,KAN,60,"2,52",-,-
3,KAN,7,Hinojosa Daniela  PaedDr.,49,KAN,BEZPP,18,"0,75",-,-
3,KAN,8,Protiva Karel  MUDr.,62,KAN,KAN,67,"2,81",-,-
3,KAN,9,Přibíková Natalie  Ing. MA,73,KAN,BEZPP,16,"0,67",-,-
3,KAN,10,Horváth Zbyněk,44,KAN,BEZPP,42,"1,76",-,-
3,KAN,11,Čumpelík Jiří,68,KAN,KAN,11,"0,46",-,-
3,KAN,12,Vadas Martin  Mgr.,60,KAN,BEZPP,61,"2,56",-,-
3,KAN,13,Bíro Barnabáš,68,KAN,KAN,16,"0,67",-,-
3,KAN,14,Dufek Marek  JUDr. Ing.,41,KAN,BEZPP,48,"2,01",-,-
3,KAN,15,Matějka Miroslav  Ing.,47,KAN,KAN,46,"1,93",-,-
3,KAN,16,Rezek Jiří  Mgr.,62,KAN,BEZPP,42,"1,76",-,-
3,KAN,17,"Šesták Jaroslav  Prof. Ing. DrSc., Dr.h.c.",75,KAN,BEZPP,43,"1,80",-,-
3,KAN,18,Vlášek Josef,80,KAN,KAN,15,"0,63",-,-
3,KAN,19,Navara David  Mgr.,37,KAN,BEZPP,51,"2,14",-,-
3,KAN,20,Kříž Vladimír  PhDr.,62,KAN,BEZPP,15,"0,63",-,-
3,KAN,21,Šikula Jaroslav  JUDr.,68,KAN,BEZPP,17,"0,71",-,-
3,KAN,22,Bláha Alois  Ing.,62,KAN,BEZPP,8,"0,33",-,-
3,KAN,23,Kolář Josef  Ing.,71,KAN,KAN,10,"0,42",-,-
3,KAN,24,Slánská Jana  Ing. Mgr.,71,KAN,BEZPP,21,"0,88",-,-
3,KAN,25,Kvíz Rudolf,74,KAN,BEZPP,14,"0,58",-,-
3,KAN,26,Kopřivová Anastazie,78,KAN,BEZPP,7,"0,29",-,-
3,KAN,27,Fiala Jaroslav  Prof. RNDr. CSc.,74,KAN,BEZPP,12,"0,50",-,-
3,KAN,28,Konzal Václav,82,KAN,BEZPP,5,"0,21",-,-
4,ND,1,Bartoš Adam Benjamin,34,ND,ND,710,"9,98",-,-
4,ND,2,Solis Daniel  Lic. LL.M.,46,ND,BEZPP,1 086,"15,27",-,-
4,ND,3,Skácel Jan  Mgr.,79,ND,ČHNJ,94,"1,32",-,-
4,ND,4,Hibsch David,43,ND,BEZPP,171,"2,40",-,-
4,ND,5,Červenka František,48,ND,ND,58,"0,81",-,-
4,ND,6,Zemánek Ladislav,21,ND,ND,102,"1,43",-,-
4,ND,7,Žák Petr,60,ND,ND,44,"0,61",-,-
4,ND,8,Kaláb Tomáš  RNDr.,43,ND,ND,37,"0,52",-,-
4,ND,9,Lhoták Radim,61,ND,BEZPP,23,"0,32",-,-
4,ND,10,Hamet Tomáš,46,ND,ND,40,"0,56",-,-
4,ND,11,Kretschmer Michal,70,ND,BEZPP,109,"1,53",-,-
4,ND,12,Gryc Roman  Mgr.,43,ND,BEZPP,68,"0,95",-,-
4,ND,13,Fikarová Jindřiška  RNDr.,69,ND,ND,36,"0,50",-,-
4,ND,14,Skalský Vít  Bc.,40,ND,ND,32,"0,45",-,-
4,ND,15,Eybl Tomáš,33,ND,BEZPP,43,"0,60",-,-
4,ND,16,Šourek Bohumil,65,ND,BEZPP,32,"0,45",-,-
4,ND,17,Kašpar Jan  Bc.,36,ND,BEZPP,25,"0,35",-,-
4,ND,18,Ladislav František Karel,45,ND,ND,38,"0,53",-,-
4,ND,19,Hucek František,41,ND,BEZPP,17,"0,23",-,-
4,ND,20,Kadlečík Martin  Ing.,34,ND,BEZPP,42,"0,59",-,-
4,ND,21,Papazian Valentin  Ing.,45,ND,BEZPP,65,"0,91",-,-
4,ND,22,Křivka Pavel  Ing. MSc.,53,ND,BEZPP,67,"0,94",-,-
4,ND,23,Cícha Ivan  Ing.,52,ND,BEZPP,20,"0,28",-,-
4,ND,24,Krejča František  PhDr.,60,ND,BEZPP,20,"0,28",-,-
4,ND,25,Vostřel Petr,35,ND,BEZPP,36,"0,50",-,-
4,ND,26,Ručka Petr,49,ND,BEZPP,1,"0,01",-,-
4,ND,27,Krejčí Aleš  Ing. arch.,41,ND,BEZPP,20,"0,28",-,-
4,ND,28,Chvorinov Michal,43,ND,BEZPP,2,"0,02",-,-
5,KDU-ČSL,1,"Svoboda Pavel  Doc. JUDr. Ph.D., D.E.A.",52,KDU-ČSL,KDU-ČSL,21 746,"14,42",*,2
5,KDU-ČSL,2,Šojdrová Michaela  Ing.,50,KDU-ČSL,KDU-ČSL,22 220,"14,73",*,1
5,KDU-ČSL,3,Zdechovský Tomáš  Mgr.,34,KDU-ČSL,KDU-ČSL,5 063,"3,35",*,3
5,KDU-ČSL,4,Hulicius Eduard  Mgr. MA,33,KDU-ČSL,KDU-ČSL,4 926,"3,26",-,1
5,KDU-ČSL,5,Jílková Marie  Mgr.,36,KDU-ČSL,KDU-ČSL,1 985,"1,31",-,2
5,KDU-ČSL,6,Přádka Miroslav  Ing. MUDr. Ph.D.,44,KDU-ČSL,KDU-ČSL,2 141,"1,41",-,3
5,KDU-ČSL,7,Jirsa Jiří  Mgr.,34,KDU-ČSL,KDU-ČSL,1 350,"0,89",-,4
5,KDU-ČSL,8,Šustr Pavel  Ing.,58,KDU-ČSL,KDU-ČSL,967,"0,64",-,5
5,KDU-ČSL,9,Vysloužil Petr  Mgr. Ing.,44,KDU-ČSL,KDU-ČSL,1 067,"0,70",-,6
5,KDU-ČSL,10,Hladík Petr  Mgr.,29,KDU-ČSL,KDU-ČSL,5 021,"3,32",-,7
5,KDU-ČSL,11,Novotný Jan  Bc.,23,KDU-ČSL,KDU-ČSL,2 448,"1,62",-,8
5,KDU-ČSL,12,Odstrčilová Zdislava  Mgr.,47,KDU-ČSL,KDU-ČSL,1 939,"1,28",-,9
5,KDU-ČSL,13,Heller Šimon  Bc.,26,KDU-ČSL,KDU-ČSL,1 698,"1,12",-,10
5,KDU-ČSL,14,"Budil Ivo  Prof. doc. RNDr. Ph.D., DSc.",48,KDU-ČSL,BEZPP,851,"0,56",-,11
5,KDU-ČSL,15,Kumstýřová Zdenka  Ing. Bc.,44,KDU-ČSL,KDU-ČSL,777,"0,51",-,12
5,KDU-ČSL,16,Vencl Jiří  Ing. Ph.D.,52,KDU-ČSL,KDU-ČSL,284,"0,18",-,13
5,KDU-ČSL,17,Svoboda Tomáš  PhDr. Bc. Ph.D.,40,KDU-ČSL,KDU-ČSL,405,"0,26",-,14
5,KDU-ČSL,18,John František  RNDr. Mgr. Ph.D.,36,KDU-ČSL,KDU-ČSL,1 195,"0,79",-,15
5,KDU-ČSL,19,Hořínek Michal  Mgr.,37,KDU-ČSL,KDU-ČSL,692,"0,45",-,16
5,KDU-ČSL,20,Haverová Martina  JUDr.,51,KDU-ČSL,KDU-ČSL,195,"0,12",-,17
5,KDU-ČSL,21,Holejšovský Josef  MVDr. Ph.D.,70,KDU-ČSL,BEZPP,629,"0,41",-,18
5,KDU-ČSL,22,Málek Jan  Mgr. et Mgr.,28,KDU-ČSL,KDU-ČSL,562,"0,37",-,19
5,KDU-ČSL,23,Adensamová Fay  Bc.,24,KDU-ČSL,KDU-ČSL,173,"0,11",-,20
5,KDU-ČSL,24,Ulrych Vít  MUDr.,41,KDU-ČSL,KDU-ČSL,417,"0,27",-,21
5,KDU-ČSL,25,Hladký Jan  Mgr. LL.M.,36,KDU-ČSL,KDU-ČSL,173,"0,11",-,22
5,KDU-ČSL,26,Lajkep Tomáš  MUDr. Ph.D.,50,KDU-ČSL,KDU-ČSL,635,"0,42",-,23
5,KDU-ČSL,27,Matek Štěpán,27,KDU-ČSL,BEZPP,135,"0,08",-,24
5,KDU-ČSL,28,Steiner Leo  Mgr.,42,KDU-ČSL,KDU-ČSL,264,"0,17",-,25
6,Rozumní,1,Hannig Petr  Mgr.,68,Rozumní,Rozumní,1 324,"5,35",-,-
6,Rozumní,2,Hodina Aleš  Ing.,41,Rozumní,BEZPP,1 419,"5,73",-,-
6,Rozumní,3,Šmotková Alena  Ing.,47,Rozumní,BEZPP,582,"2,35",-,-
6,Rozumní,4,Janů Jiří  Ing.,59,Rozumní,Rozumní,243,"0,98",-,-
6,Rozumní,5,Lederová Marta  Mgr.,55,Rozumní,BEZPP,485,"1,96",-,-
6,Rozumní,6,Nevečeřalová Věra  Mgr.,59,Rozumní,Rozumní,309,"1,24",-,-
6,Rozumní,7,Somberg Jiří  MUDr.,53,Rozumní,BEZPP,435,"1,75",-,-
6,Rozumní,8,Kandel František  MUDr.,58,Rozumní,BEZPP,298,"1,20",-,-
6,Rozumní,9,Benešová Vítězslava  Mgr.,55,Rozumní,BEZPP,228,"0,92",-,-
6,Rozumní,10,Froňková Dousková Gabriela  Mgr.,43,Rozumní,BEZPP,548,"2,21",-,-
6,Rozumní,11,Chovancová Marta  JUDr. LL.M.,56,Rozumní,BEZPP,279,"1,12",-,-
6,Rozumní,12,Kocman Petr  Ing.,54,Rozumní,BEZPP,134,"0,54",-,-
6,Rozumní,13,Dokoupil Radek  Ing.,44,Rozumní,BEZPP,127,"0,51",-,-
6,Rozumní,14,Hodovalová Renata,45,Rozumní,Rozumní,141,"0,57",-,-
6,Rozumní,15,Figura Martin,42,Rozumní,BEZPP,109,"0,44",-,-
6,Rozumní,16,Fišer Petr,54,Rozumní,Rozumní,97,"0,39",-,-
6,Rozumní,17,Orel Ladislav  Ing.,51,Rozumní,Rozumní,140,"0,56",-,-
6,Rozumní,18,Bartoš Martin,45,Rozumní,BEZPP,82,"0,33",-,-
6,Rozumní,19,Bejdáková Jitka  MUDr.,45,Rozumní,Rozumní,211,"0,85",-,-
6,Rozumní,20,Burešová Eva  MUDr.,35,Rozumní,BEZPP,331,"1,33",-,-
6,Rozumní,21,Lengál Jiří  Ing.,50,Rozumní,BEZPP,87,"0,35",-,-
6,Rozumní,22,Šimčík Pavel,47,Rozumní,Rozumní,75,"0,30",-,-
6,Rozumní,23,Slavík Jiří,40,Rozumní,BEZPP,83,"0,33",-,-
6,Rozumní,24,Petráňová Miloslava,26,Rozumní,BEZPP,134,"0,54",-,-
6,Rozumní,25,Vlček Michal,48,Rozumní,BEZPP,78,"0,31",-,-
6,Rozumní,26,Votoček Jiří,59,Rozumní,BEZPP,211,"0,85",-,-
6,Rozumní,27,Bruna Aleš  Bc.,39,Rozumní,BEZPP,42,"0,16",-,-
6,Rozumní,28,Čížek Jan,27,Rozumní,BEZPP,160,"0,64",-,-
7,"Koal.TOP09,STAN",1,Niedermayer Luděk  RNDr.,48,TOP 09,BEZPP,37 171,"15,37",*,2
7,"Koal.TOP09,STAN",2,Pospíšil Jiří  JUDr.,38,TOP 09,BEZPP,77 724,"32,15",*,1
7,"Koal.TOP09,STAN",3,Polčák Stanislav  JUDr.,34,STAN,STAN,11 997,"4,96",*,4
7,"Koal.TOP09,STAN",4,Šarapatka Bořivoj  prof. Dr. Ing. CSc.,54,TOP 09,TOP 09,4 755,"1,96",-,1
7,"Koal.TOP09,STAN",5,Štětina Jaromír  Ing.,71,TOP 09,BEZPP,18 951,"7,83",*,3
7,"Koal.TOP09,STAN",6,Sršeň Radim  Ing. Ph.D.,34,STAN,STAN,4 894,"2,02",-,2
7,"Koal.TOP09,STAN",7,Czernin Tomáš  Ing.,52,TOP 09,TOP 09,9 061,"3,74",-,3
7,"Koal.TOP09,STAN",8,Majíčková Ivana  Mgr. MBA,53,STAN,BEZPP,1 830,"0,75",-,4
7,"Koal.TOP09,STAN",9,Straka Bohumil  Ing. Bc. Ph.D.,43,TOP 09,TOP 09,5 184,"2,14",-,5
7,"Koal.TOP09,STAN",10,Šanc Ivo  RNDr. CSc.,59,STAN,BEZPP,1 120,"0,46",-,6
7,"Koal.TOP09,STAN",11,Polach Marek  Mgr.,35,TOP 09,TOP 09,1 065,"0,44",-,7
7,"Koal.TOP09,STAN",12,Mikulecký Luděk  Ing. Bc. LL.M.,49,TOP 09,TOP 09,342,"0,14",-,8
7,"Koal.TOP09,STAN",13,Kyliánová Zuzana  Ing.,57,TOP 09,TOP 09,490,"0,20",-,9
7,"Koal.TOP09,STAN",14,Cogan Rudolf  JUDr. Ing. Ph.D.,42,STAN,BEZPP,932,"0,38",-,10
7,"Koal.TOP09,STAN",15,Kočandrle Jiří,49,TOP 09,TOP 09,327,"0,13",-,11
7,"Koal.TOP09,STAN",16,Ifrah Reda  Mgr.,30,TOP 09,TOP 09,544,"0,22",-,12
7,"Koal.TOP09,STAN",17,Pavlíčková Klára  Mgr.,27,TOP 09,TOP 09,731,"0,30",-,13
7,"Koal.TOP09,STAN",18,Burian Michal  Ing. Ph.D.,56,STAN,BEZPP,731,"0,30",-,14
7,"Koal.TOP09,STAN",19,Merta Josef  Ing.,36,TOP 09,TOP 09,220,"0,09",-,15
7,"Koal.TOP09,STAN",20,Velička Tomáš  Bc.,45,TOP 09,TOP 09,142,"0,05",-,16
7,"Koal.TOP09,STAN",21,Bubeníková Ludmila  Ing.,59,STAN,STAN,273,"0,11",-,17
7,"Koal.TOP09,STAN",22,Souček Oldřich  Ing.,47,TOP 09,TOP 09,208,"0,08",-,18
7,"Koal.TOP09,STAN",23,Janoušek Aleš  Mgr.,38,TOP 09,TOP 09,319,"0,13",-,19
7,"Koal.TOP09,STAN",24,Gábor František  Bc.,44,TOP 09,TOP 09,219,"0,09",-,20
7,"Koal.TOP09,STAN",25,Feigler Michal  Mgr.,25,TOP 09,TOP 09,331,"0,13",-,21
7,"Koal.TOP09,STAN",26,Popov Simeon  Mgr.,38,TOP 09,TOP 09,137,"0,05",-,22
7,"Koal.TOP09,STAN",27,"Šigut Zdeněk  PhDr. Mgr. Ph.D., MPH",58,TOP 09,TOP 09,474,"0,19",-,23
7,"Koal.TOP09,STAN",28,Kalousek Josef  Ing.,54,TOP 09,TOP 09,352,"0,14",-,24
8,LES,1,Vicenová Milena  MVDr.,58,LES,BEZPP,1 535,"20,42",-,-
8,LES,2,Haken Roman  Ing. Bc.,51,LES,LES,300,"3,99",-,-
8,LES,3,Sommerová Olga  Doc. MgA.,64,LES,LES,1 657,"22,05",-,-
8,LES,4,Rynda Ivan  PhDr.,61,LES,LES,316,"4,20",-,-
8,LES,5,Jacques Kateřina  PhDr.,42,LES,LES,480,"6,38",-,-
8,LES,6,Hollan Jan  RNDr. Ph.D.,58,LES,LES,207,"2,75",-,-
8,LES,7,Gaillyová Yvonna  RNDr. CSc.,58,LES,BEZPP,189,"2,51",-,-
8,LES,8,Matějka Karel  Ing. CSc.,49,LES,LES,121,"1,61",-,-
8,LES,9,Stehlíková Džamila  MUDr.,52,LES,LES,205,"2,72",-,-
8,LES,10,Balcar Jan  Mgr. Ph.D.,39,LES,LES,101,"1,34",-,-
8,LES,11,Dejmalová Kateřina  Mgr.,65,LES,LES,58,"0,77",-,-
8,LES,12,Matyáš Josef,53,LES,LES,55,"0,73",-,-
8,LES,13,Jonášová Kateřina  Mgr.,39,LES,BEZPP,60,"0,79",-,-
8,LES,14,Uhlíř Martin  Ing. MBA,38,LES,BEZPP,26,"0,34",-,-
8,LES,15,Bujáková Jana,42,LES,LES,27,"0,35",-,-
8,LES,16,Vitale Francesco  Dott.,50,LES,BEZPP,17,"0,22",-,-
8,LES,17,Čarková Anna,57,LES,BEZPP,69,"0,91",-,-
8,LES,18,Kůs Jiří  Mgr. Ing.,50,LES,LES,32,"0,42",-,-
8,LES,19,Jurkovičová Barbora  MgA.,38,LES,LES,20,"0,26",-,-
8,LES,20,Havlíček Tomáš  Ing.,53,LES,LES,43,"0,57",-,-
8,LES,21,Arnošt Eva  Bc.,27,LES,BEZPP,19,"0,25",-,-
8,LES,22,Mraček Milan  Mgr.,36,LES,LES,26,"0,34",-,-
8,LES,23,Stehlíková Dana  PhDr. CSc.,59,LES,LES,17,"0,22",-,-
8,LES,24,Krejčí Michal  Mgr.,40,LES,LES,12,"0,15",-,-
8,LES,25,Bůžková Iveta  Mgr.,29,LES,BEZPP,10,"0,13",-,-
8,LES,26,Pikola Tomáš  Ing.,32,LES,LES,14,"0,18",-,-
8,LES,27,Pavlová-Zemanová Aneta  Mgr.,43,LES,BEZPP,9,"0,11",-,-
8,LES,28,Bursík Martin  RNDr.,54,LES,LES,377,"5,01",-,-
9,LEV 21,1,Paroubek Jiří  Ing.,61,LEV 21,LEV 21,2 768,"38,99",-,-
9,LEV 21,2,Drapák Filip  Ing.,45,LEV 21,LEV 21,243,"3,42",-,-
9,LEV 21,3,Benda Petr  Ing.,43,LEV 21,LEV 21,160,"2,25",-,-
9,LEV 21,4,Průdková Kateřina  Mgr.,30,LEV 21,LEV 21,86,"1,21",-,-
9,LEV 21,5,Šterzl Ivan  Prof. MUDr. CSc.,60,LEV 21,LEV 21,134,"1,88",-,-
9,LEV 21,6,Bernardová Tereza  Bc.,32,LEV 21,LEV 21,63,"0,88",-,-
9,LEV 21,7,Horák Karel  JUDr. et Mgr.,47,LEV 21,LEV 21,51,"0,71",-,-
9,LEV 21,8,Hybner Tomáš  Mgr.,41,LEV 21,LEV 21,59,"0,83",-,-
9,LEV 21,9,Michek Petr  Mgr.,40,LEV 21,LEV 21,35,"0,49",-,-
9,LEV 21,10,Kosina Ondřej  PhDr. Ph.D.,33,LEV 21,LEV 21,75,"1,05",-,-
9,LEV 21,11,Král Jaroslav  JUDr. CSc.,62,LEV 21,LEV 21,25,"0,35",-,-
9,LEV 21,12,Němec Miroslav  Doc. JUDr. Ph.D.,64,LEV 21,LEV 21,176,"2,47",-,-
9,LEV 21,13,Zavoralová Libuše,65,LEV 21,LEV 21,22,"0,30",-,-
9,LEV 21,14,Palša Stanislav  RNDr. Ph.D.,45,LEV 21,LEV 21,42,"0,59",-,-
9,LEV 21,15,Kobza Michal  Bc.,36,LEV 21,LEV 21,11,"0,15",-,-
9,LEV 21,16,Ježek Milan,55,LEV 21,LEV 21,21,"0,29",-,-
9,LEV 21,17,Bruk Vilém  MUDr. MBA,55,LEV 21,LEV 21,34,"0,47",-,-
9,LEV 21,18,Dvořák Tomáš  Ing.,27,LEV 21,LEV 21,17,"0,23",-,-
9,LEV 21,19,André Roman,44,LEV 21,LEV 21,11,"0,15",-,-
9,LEV 21,20,Petrák Jan  Ing.,54,LEV 21,LEV 21,50,"0,70",-,-
9,LEV 21,21,Votava Přemysl,70,LEV 21,LEV 21,23,"0,32",-,-
9,LEV 21,22,Štván František,57,LEV 21,LEV 21,40,"0,56",-,-
9,LEV 21,23,Snížek Jakub  Ing.,36,LEV 21,LEV 21,38,"0,53",-,-
9,LEV 21,24,Kavale Jiří  JUDr.,67,LEV 21,LEV 21,10,"0,14",-,-
9,LEV 21,25,Vondrouš Jan,36,LEV 21,LEV 21,12,"0,16",-,-
9,LEV 21,26,Pokorný Libor  Ing.,58,LEV 21,LEV 21,6,"0,08",-,-
9,LEV 21,27,Zachařová Petra,36,LEV 21,LEV 21,6,"0,08",-,-
9,LEV 21,28,Andres Jaroslav  Bc.,47,LEV 21,LEV 21,32,"0,45",-,-
10,KSČM,1,Konečná Kateřina  Ing.,33,KSČM,KSČM,28 154,"16,91",*,1
10,KSČM,2,Maštálka Jiří  MUDr.,58,KSČM,KSČM,11 525,"6,92",*,3
10,KSČM,3,Kohlíček Jaromír  Ing. CSc.,61,KSČM,KSČM,7 051,"4,23",-,1
10,KSČM,4,Ransdorf Miloslav  PhDr. CSc.,61,KSČM,KSČM,14 384,"8,64",*,2
10,KSČM,5,Skála Josef  PhDr. CSc.,61,KSČM,KSČM,3 076,"1,84",-,2
10,KSČM,6,Šlahúnková Pavla,26,KSČM,KSČM,4 447,"2,67",-,3
10,KSČM,7,Opravilová Esma  Ing.,41,KSČM,KSČM,2 975,"1,78",-,4
10,KSČM,8,Ledl Lubomír  JUDr.,61,KSČM,SDS,1 116,"0,67",-,5
10,KSČM,9,"Švendová Dagmar   BA, LL.M.",36,KSČM,KSČM,6 934,"4,16",-,6
10,KSČM,10,Janeček Pavel  Ing. BBS (Hons),30,KSČM,KSČM,1 400,"0,84",-,7
10,KSČM,11,Krajča Milan,30,KSČM,KSČM,709,"0,42",-,8
10,KSČM,12,David René  Ing.,54,KSČM,KSČM,366,"0,21",-,9
10,KSČM,13,Valenta Jiří  PhDr.Ing.Mgr.et Mgr.,48,KSČM,KSČM,1 905,"1,14",-,10
10,KSČM,14,Exner Václav  RNDr. CSc.,71,KSČM,KSČM,2 092,"1,25",-,11
10,KSČM,15,Kadidlo Petr,46,KSČM,KSČM,102,"0,06",-,12
10,KSČM,16,Šulda Ludvík   BBA,34,KSČM,KSČM,245,"0,14",-,13
10,KSČM,17,Hudeček Jiří  Prof. RNDr. CSc.,60,KSČM,SDS,635,"0,38",-,14
10,KSČM,18,Klontza Věra  Mgr. Ph.D.,43,KSČM,BEZPP,1 036,"0,62",-,15
10,KSČM,19,Petelík Jaromír  Mgr.,31,KSČM,KSČM,246,"0,14",-,16
10,KSČM,20,Čechová Humpolcová Tereza  Mgr.,27,KSČM,KSČM,1 001,"0,60",-,17
10,KSČM,21,Hefka Rostislav  Mgr.,35,KSČM,BEZPP,204,"0,12",-,18
10,KSČM,22,Briardová Helena  PhDr.,67,KSČM,KSČM,242,"0,14",-,19
10,KSČM,23,Nedvědová Marie  JUDr.,57,KSČM,KSČM,843,"0,50",-,20
10,KSČM,24,Snopková Kateřina  Mgr.,31,KSČM,BEZPP,600,"0,36",-,21
10,KSČM,25,Osadník Pavel,33,KSČM,KSČM,649,"0,38",-,22
10,KSČM,26,Dubský Jaroslav  Ing.,64,KSČM,KSČM,439,"0,26",-,23
10,KSČM,27,Kváč David  Ing.,33,KSČM,KSČM,299,"0,17",-,24
10,KSČM,28,Šedivý Alexandr,51,KSČM,KSČM,267,"0,16",-,25
11,evropani,1,Jantač Petr  JUDr.,53,evropani,evropani,58,"9,19",-,-
11,evropani,2,Solar Tomáš,51,evropani,evropani,15,"2,37",-,-
11,evropani,3,Vodrhánková Jana  Ing.,50,evropani,evropani,47,"7,44",-,-
11,evropani,4,Břečka Josef  PhDr.,60,evropani,evropani,29,"4,59",-,-
11,evropani,5,Garassy Ladislav  Mgr. Ing.,39,evropani,BEZPP,17,"2,69",-,-
11,evropani,6,Dobiášová Sandra  Bc.,26,evropani,BEZPP,31,"4,91",-,-
11,evropani,7,Janda Ladislav  Ing.,58,evropani,evropani,19,"3,01",-,-
11,evropani,8,Krnáč Pavel  Ing.,40,evropani,BEZPP,7,"1,10",-,-
11,evropani,9,Heller Jan,37,evropani,evropani,10,"1,58",-,-
11,evropani,10,Lerner Luděk  Ing.,54,evropani,evropani,24,"3,80",-,-
11,evropani,11,Dušátko František,40,evropani,evropani,10,"1,58",-,-
12,RSČMS,1,Sláma Roman,51,RSČMS,RSČMS,65,"5,90",-,-
12,RSČMS,2,Dufek Jiří,62,RSČMS,RSČMS,42,"3,81",-,-
12,RSČMS,3,Mašlík Karel  Mgr.,46,RSČMS,RSČMS,95,"8,63",-,-
12,RSČMS,4,Vondrášek Ladislav  Ing.,42,RSČMS,BEZPP,33,"3,00",-,-
12,RSČMS,5,Štěpán Zbyněk,64,RSČMS,NP,10,"0,90",-,-
12,RSČMS,6,Vrcha Oldřich,70,RSČMS,RSČMS,55,"5,00",-,-
12,RSČMS,7,Mrkvička Miroslav,64,RSČMS,RSČMS,15,"1,36",-,-
12,RSČMS,8,Gašpar Vasil,64,RSČMS,RSČMS,31,"2,81",-,-
12,RSČMS,9,Sedloňová Marie,48,RSČMS,RSČMS,17,"1,54",-,-
12,RSČMS,10,Kuba Dalibor  Ing.,69,RSČMS,RSČMS,9,"0,81",-,-
12,RSČMS,11,Novotný Viktor,56,RSČMS,RSČMS,14,"1,27",-,-
12,RSČMS,12,Matějka Karel,40,RSČMS,BEZPP,52,"4,72",-,-
12,RSČMS,13,Soušková Zdeňka,59,RSČMS,RSČMS,8,"0,72",-,-
12,RSČMS,14,Sedloň Tomáš,41,RSČMS,RSČMS,13,"1,18",-,-
12,RSČMS,15,Poláček Petr,37,RSČMS,RSČMS,9,"0,81",-,-
12,RSČMS,16,Blajze Pavel,62,RSČMS,RSČMS,21,"1,90",-,-
12,RSČMS,17,Palmová Jaroslava,56,RSČMS,RSČMS,14,"1,27",-,-
12,RSČMS,18,Kadlec Miroslav,74,RSČMS,RSČMS,10,"0,90",-,-
12,RSČMS,19,Slavík Miroslav  Bc.,32,RSČMS,RSČMS,25,"2,27",-,-
12,RSČMS,20,Šulák Radomír,58,RSČMS,RSČMS,16,"1,45",-,-
12,RSČMS,21,Ryšlink Pavel,71,RSČMS,RSČMS,8,"0,72",-,-
13,HNPD,1,Szotkowski Jan  Mgr.,61,HNPD,HNPD,92,"10,22",-,-
13,HNPD,2,Fialová Ludmila  Prof. PaedDr. Ph.D.,59,HNPD,BEZPP,82,"9,11",-,-
13,HNPD,3,Kožíšek Ondřej  PaedDr.,57,HNPD,BEZPP,31,"3,44",-,-
13,HNPD,4,Bušek František  Mgr.,62,HNPD,BEZPP,31,"3,44",-,-
13,HNPD,5,Pešatová Helena  RNDr.,55,HNPD,BEZPP,110,"12,22",-,-
13,HNPD,6,Kračmar Bronislav  doc. PaedDr. CSc.,56,HNPD,BEZPP,50,"5,55",-,-
13,HNPD,7,Górecká Danuše  PaedDr.,52,HNPD,BEZPP,65,"7,22",-,-
13,HNPD,8,Kopáčková Iva  Mgr.,26,HNPD,BEZPP,51,"5,66",-,-
13,HNPD,9,Bílý Milan  PhDr. Ph.D.,61,HNPD,BEZPP,47,"5,22",-,-
14,ČSSD,1,Keller Jan  prof. PhDr. CSc.,59,ČSSD,BEZPP,57 812,"26,91",*,1
14,ČSSD,2,Sehnalová Olga  MUDr. MBA,45,ČSSD,ČSSD,10 955,"5,10",*,2
14,ČSSD,3,Poc Pavel  RNDr.,49,ČSSD,ČSSD,3 818,"1,77",*,3
14,ČSSD,4,Poche Miroslav  Ing. Mgr.,35,ČSSD,ČSSD,3 692,"1,71",*,4
14,ČSSD,5,Seidl Zdeněk  prof. MUDr. CSc.,63,ČSSD,ČSSD,3 922,"1,82",-,1
14,ČSSD,6,Falbr Richard  JUDr.,73,ČSSD,ČSSD,8 729,"4,06",-,2
14,ČSSD,7,Brzobohatá Zuzana  Ing. Bc.,51,ČSSD,ČSSD,4 841,"2,25",-,3
14,ČSSD,8,Mynář Vojtěch,70,ČSSD,ČSSD,1 607,"0,74",-,4
14,ČSSD,9,Rouček Libor  Dr.,59,ČSSD,ČSSD,8 896,"4,14",-,5
14,ČSSD,10,Osvald Petr  Ing.,47,ČSSD,ČSSD,2 144,"0,99",-,6
14,ČSSD,11,Vorel Lukáš  Dipl.-Kfm.,37,ČSSD,ČSSD,1 040,"0,48",-,7
14,ČSSD,12,Zemánek Jiří  Mgr.,49,ČSSD,ČSSD,1 204,"0,56",-,8
14,ČSSD,13,Kaucký Lukáš  Mgr.,32,ČSSD,ČSSD,752,"0,35",-,9
14,ČSSD,14,Technik Radim  Ing.,30,ČSSD,ČSSD,1 348,"0,62",-,10
14,ČSSD,15,Gregor Jan  PhDr. Ph.D.,34,ČSSD,ČSSD,1 520,"0,70",-,11
14,ČSSD,16,Šáda Petr  JUDr.,61,ČSSD,ČSSD,510,"0,23",-,12
14,ČSSD,17,Váhalová Dana  Mgr.,47,ČSSD,ČSSD,1 040,"0,48",-,13
14,ČSSD,18,Scherfer Radek  Mgr.,39,ČSSD,ČSSD,406,"0,18",-,14
14,ČSSD,19,Balabán Miloš  PhDr. Ph.D.,51,ČSSD,ČSSD,1 099,"0,51",-,15
14,ČSSD,20,Kalistová Kateřina  JUDr.,39,ČSSD,ČSSD,614,"0,28",-,16
14,ČSSD,21,Drobek Aleš  Ing.,37,ČSSD,ČSSD,1 023,"0,47",-,17
14,ČSSD,22,Bocianová Kateřina  PhDr.,35,ČSSD,ČSSD,924,"0,43",-,18
14,ČSSD,23,Hermannová Monika  Bc.,27,ČSSD,ČSSD,903,"0,42",-,19
14,ČSSD,24,Andělová Alena  Bc. DiS.,35,ČSSD,ČSSD,898,"0,41",-,20
14,ČSSD,25,Kolman Petr,69,ČSSD,ČSSD,516,"0,24",-,21
14,ČSSD,26,Vodsloň Zuzana  MUDr.,40,ČSSD,BEZPP,353,"0,16",-,22
14,ČSSD,27,Tomková Ivana,62,ČSSD,ČSSD,169,"0,07",-,23
14,ČSSD,28,Straka Jan  Bc.,25,ČSSD,ČSSD,833,"0,38",-,24
16,ANO 2011,1,Telička Pavel  JUDr.,48,ANO 2011,BEZPP,50 784,"20,77",*,1
16,ANO 2011,2,Ježek Petr,49,ANO 2011,BEZPP,5 301,"2,16",*,2
16,ANO 2011,3,Charanzová Dita  Ing. Ph.D.,39,ANO 2011,BEZPP,8 356,"3,41",*,3
16,ANO 2011,4,Dlabajová Martina,37,ANO 2011,BEZPP,4 789,"1,95",*,4
16,ANO 2011,5,Jančárek Ivan,49,ANO 2011,BEZPP,631,"0,25",-,1
16,ANO 2011,6,Šír Jiří  Ing.,40,ANO 2011,BEZPP,1 827,"0,74",-,2
16,ANO 2011,7,Šišková Naděžda  doc. et doc. JUDr. Ph.D.,57,ANO 2011,BEZPP,4 875,"1,99",-,3
16,ANO 2011,8,Kaufmann Marie  PhDr.,55,ANO 2011,BEZPP,2 058,"0,84",-,4
16,ANO 2011,9,"Štěpánek Lukáš  Ing. Ph.D., MSc.",32,ANO 2011,BEZPP,3 603,"1,47",-,5
16,ANO 2011,10,Smitka Jan  Ing. MBA,42,ANO 2011,ANO 2011,955,"0,39",-,6
16,ANO 2011,11,Červíčková Monika  Ing.,47,ANO 2011,ANO 2011,1 411,"0,57",-,7
16,ANO 2011,12,Langrová Irena  Mgr.,62,ANO 2011,ANO 2011,1 226,"0,50",-,8
16,ANO 2011,13,Szturc Pavel  Ing. Ph.D.,52,ANO 2011,BEZPP,1 390,"0,56",-,9
16,ANO 2011,14,Střálková Lenka  Ing.,46,ANO 2011,ANO 2011,1 307,"0,53",-,10
16,ANO 2011,15,Víška Václav  Mgr. Ph.D.,35,ANO 2011,BEZPP,1 417,"0,57",-,11
16,ANO 2011,16,Bauer Miroslav  Ing. MBA,58,ANO 2011,ANO 2011,405,"0,16",-,12
16,ANO 2011,17,Bavorová Miroslava  Dr.sc.agr. Ing.,38,ANO 2011,BEZPP,1 117,"0,45",-,13
16,ANO 2011,18,"Zůna Pavel  Ing. MSS, Ph.D.",52,ANO 2011,ANO 2011,578,"0,23",-,14
16,ANO 2011,19,Jankovský Milan  Ing.,28,ANO 2011,ANO 2011,354,"0,14",-,15
16,ANO 2011,20,Indráček Ivan  Ing.,50,ANO 2011,ANO 2011,581,"0,23",-,16
16,ANO 2011,21,Bláhová Kamila  Bc.,37,ANO 2011,ANO 2011,558,"0,22",-,17
16,ANO 2011,22,Prekop Tomáš  Mgr. Ing.,33,ANO 2011,ANO 2011,585,"0,23",-,18
16,ANO 2011,23,Hloušek Radek,36,ANO 2011,ANO 2011,384,"0,15",-,19
16,ANO 2011,24,Špaček Jaroslav  Ing.,49,ANO 2011,ANO 2011,3 778,"1,54",-,20
16,ANO 2011,25,Mata Martin  Bc.,31,ANO 2011,ANO 2011,273,"0,11",-,21
16,ANO 2011,27,Mikuš Erik  Ing.,39,ANO 2011,ANO 2011,524,"0,21",-,22
16,ANO 2011,28,Skoumal Antonín  Ing.,66,ANO 2011,BEZPP,491,"0,20",-,23
17,"""SRP""",1,Tišer Štefan,64,"""SRP""","""SRP""",29,"4,53",-,-
17,"""SRP""",2,Kováč Miroslav,43,"""SRP""","""SRP""",39,"6,09",-,-
17,"""SRP""",3,Burianská Antonie  Bc.,52,"""SRP""","""SRP""",37,"5,78",-,-
17,"""SRP""",4,Horáčková Emílie,49,"""SRP""","""SRP""",34,"5,31",-,-
17,"""SRP""",5,Voráč Emil,53,"""SRP""","""SRP""",28,"4,37",-,-
17,"""SRP""",6,Gorolová Elena,45,"""SRP""","""SRP""",34,"5,31",-,-
17,"""SRP""",7,Farkaš Milan,51,"""SRP""","""SRP""",16,"2,50",-,-
17,"""SRP""",8,Horvát Milan,42,"""SRP""","""SRP""",22,"3,43",-,-
17,"""SRP""",9,Čonka Ján,44,"""SRP""","""SRP""",39,"6,09",-,-
18,M,1,Hýsek Ondřej  Mgr. Ph.D.,34,M,M,565,"8,54",-,-
18,M,2,Dohnal Pavel  Ing.,53,M,M,335,"5,06",-,-
18,M,3,Pernes Jiří  Doc. PhDr. Ph.D.,65,M,M,419,"6,33",-,-
18,M,4,Ingr Tomáš,35,M,M,220,"3,32",-,-
18,M,5,Pelka Jiří  Ing. M.A.,60,M,M,89,"1,34",-,-
18,M,6,Dohnal Jiří,64,M,M,76,"1,14",-,-
18,M,7,Šuhaj Bohumil  Mgr.,33,M,M,82,"1,23",-,-
18,M,8,Holásková Ivana,60,M,BEZPP,161,"2,43",-,-
18,M,9,Novotný Petr  Ing.,35,M,BEZPP,96,"1,45",-,-
18,M,10,Klíma Bohuslav  Doc. PhDr. CSc.,64,M,BEZPP,135,"2,04",-,-
18,M,11,Poprachová Danuše  PhDr.,66,M,M,65,"0,98",-,-
18,M,12,Galis Pavel,39,M,BEZPP,44,"0,66",-,-
18,M,13,Bílý Jiří  Doc. JUDr. Ph.D.,61,M,M,110,"1,66",-,-
18,M,14,Novotný František,60,M,M,55,"0,83",-,-
18,M,15,Novák Michal  MVDr.,61,M,BEZPP,90,"1,36",-,-
18,M,16,Martini Ronald  Mgr.,37,M,BEZPP,79,"1,19",-,-
18,M,17,Pekáček Martin   DiS.,34,M,M,36,"0,54",-,-
18,M,18,Konečná Šárka  Bc.,34,M,M,114,"1,72",-,-
18,M,19,Zvědělík Petr,51,M,BEZPP,64,"0,96",-,-
18,M,20,Mlejnek Ondřej  Mgr. Ph.D.,32,M,M,145,"2,19",-,-
18,M,21,Talla Vladimír,40,M,M,46,"0,69",-,-
18,M,22,Unger David  PhDr.,32,M,BEZPP,68,"1,02",-,-
18,M,23,Tichý Zdeněk  Ing.,76,M,BEZPP,25,"0,37",-,-
18,M,24,Sova Jan  Bc.,36,M,M,38,"0,57",-,-
18,M,25,Kroupa Josef,55,M,M,29,"0,43",-,-
18,M,26,Smejkal Jan  Ing.,46,M,BEZPP,10,"0,15",-,-
18,M,27,Doležel Tomáš,29,M,M,32,"0,48",-,-
18,M,28,Pernes Jakub  Mgr.,25,M,M,39,"0,58",-,-
19,ČSR,1,Diepoldová Tereza  Bc.,25,ČSR,BEZPP,638,"25,16",-,-
19,ČSR,2,Bříza Aleš  PhDr. Mgr.,35,ČSR,BEZPP,101,"3,98",-,-
19,ČSR,3,Jedlička Jiří,27,ČSR,BEZPP,51,"2,01",-,-
19,ČSR,4,Křížová Eliška  Bc.,24,ČSR,BEZPP,118,"4,65",-,-
19,ČSR,5,Lukáš Pavel  Bc.,40,ČSR,BEZPP,44,"1,73",-,-
19,ČSR,6,Stehno Vojtěch  Ing.,28,ČSR,BEZPP,48,"1,89",-,-
19,ČSR,7,Motal Tomáš  Mgr.,27,ČSR,BEZPP,25,"0,98",-,-
19,ČSR,8,Šuchová Karin Kateřina  PhDr.,39,ČSR,BEZPP,40,"1,57",-,-
19,ČSR,9,Vančurová Eva  Ing.,36,ČSR,BEZPP,8,"0,31",-,-
19,ČSR,10,Münster Pavel,36,ČSR,BEZPP,25,"0,98",-,-
19,ČSR,11,Hlaváčová Klára,29,ČSR,ČSR,48,"1,89",-,-
19,ČSR,12,Koudelka Martin,38,ČSR,BEZPP,26,"1,02",-,-
19,ČSR,13,Bartheldy Tereza,34,ČSR,BEZPP,18,"0,71",-,-
19,ČSR,14,Floriánová Martina,35,ČSR,BEZPP,17,"0,67",-,-
19,ČSR,15,Dušánek Jakub  Mgr.,39,ČSR,BEZPP,29,"1,14",-,-
19,ČSR,16,Brendl František,38,ČSR,ČSR,74,"2,91",-,-
19,ČSR,17,Chocholoušová Michaela  Bc. et Bc.,23,ČSR,BEZPP,85,"3,35",-,-
19,ČSR,18,Jankovský Lukáš  Mgr.,36,ČSR,BEZPP,31,"1,22",-,-
19,ČSR,19,Píša Tomáš,38,ČSR,BEZPP,14,"0,55",-,-
19,ČSR,20,Baldrych Jan,24,ČSR,BEZPP,32,"1,26",-,-
19,ČSR,21,Kramařík Radek,29,ČSR,BEZPP,17,"0,67",-,-
19,ČSR,22,Pětioká Petra,34,ČSR,BEZPP,3,"0,11",-,-
19,ČSR,23,Stehno Lukáš,40,ČSR,ČSR,21,"0,82",-,-
19,ČSR,24,Voplakalová Iveta,39,ČSR,BEZPP,6,"0,23",-,-
19,ČSR,25,Hlaváč Libor,37,ČSR,ČSR,16,"0,63",-,-
20,ODS,1,Zahradil Jan  Ing.,51,ODS,ODS,19 892,"17,09",*,1
20,ODS,2,Tošenovský Evžen  Ing. Dr.h.c.,58,ODS,ODS,16 514,"14,18",*,2
20,ODS,3,Zamrazilová Eva  Ing. CSc.,53,ODS,BEZPP,7 366,"6,32",-,2
20,ODS,4,Vlasák Oldřich  Ing.,58,ODS,ODS,7 912,"6,79",-,1
20,ODS,5,Musil Aleš  Mgr. M.A.,48,ODS,ODS,1 295,"1,11",-,3
20,ODS,6,Trylčová Radka  Mgr.,39,ODS,ODS,1 738,"1,49",-,4
20,ODS,7,Kollmann Marcel  Ing.,42,ODS,ODS,933,"0,80",-,5
20,ODS,8,"Hynek Josef  prof. RNDr. MBA, PhD.",48,ODS,ODS,2 457,"2,11",-,6
20,ODS,9,Lupoměský Jan,29,ODS,ODS,1 137,"0,97",-,7
20,ODS,10,Kožušník Edvard,43,ODS,ODS,3 916,"3,36",-,8
20,ODS,11,Heaney Anna,66,ODS,ODS,305,"0,26",-,9
20,ODS,12,Kučera Martin  Ing. Mgr. MPA,44,ODS,ODS,447,"0,38",-,10
20,ODS,13,Hejtmánek Pavel  Mgr.,48,ODS,ODS,423,"0,36",-,11
20,ODS,14,Stárek Jakub  Mgr.,31,ODS,ODS,812,"0,69",-,12
20,ODS,15,Šulc Jan  PhDr.,70,ODS,ODS,132,"0,11",-,13
20,ODS,16,Šindelář Petr  Mgr. LL.M.,41,ODS,ODS,248,"0,21",-,14
20,ODS,17,Kulhánek Rudolf,47,ODS,ODS,132,"0,11",-,15
20,ODS,18,Benda Filip  Mgr.,37,ODS,ODS,303,"0,26",-,16
20,ODS,19,Franěk René  Ing.,52,ODS,ODS,1 054,"0,90",-,17
20,ODS,20,Vaněk Tomáš  RNDr. Mgr. CSc.,62,ODS,ODS,349,"0,29",-,18
20,ODS,21,Orság Hynek  Ing.,47,ODS,ODS,243,"0,20",-,19
20,ODS,22,Nguyen Cong Hung,26,ODS,BEZPP,695,"0,59",-,20
20,ODS,23,Kropáčová Marcela  Mgr.,28,ODS,ODS,484,"0,41",-,21
20,ODS,24,Seitz Václav   M.Sc.,54,ODS,ODS,124,"0,10",-,22
20,ODS,25,Vítek Lukáš,23,ODS,ODS,545,"0,46",-,23
20,ODS,26,Kovačíková Darina  Mgr.,33,ODS,ODS,176,"0,15",-,24
20,ODS,27,Martišková Aneta  Bc.,29,ODS,ODS,158,"0,13",-,25
20,ODS,28,Nedvídek Jan,21,ODS,Conservative,270,"0,23",-,26
21,VIZE,2,Hemer Aleš  Mgr.,47,VIZE,VIZE,171,"4,62",-,-
21,VIZE,4,Zounar Martin,46,VIZE,BEZPP,495,"13,38",-,-
21,VIZE,5,Šmicer Vladimír,41,VIZE,BEZPP,680,"18,38",-,-
21,VIZE,6,Mikl Jiří  Mgr.,46,VIZE,VIZE,21,"0,56",-,-
21,VIZE,7,Fabián Zdeněk,58,VIZE,VIZE,34,"0,91",-,-
21,VIZE,8,Tojnar Martin  Ing.,45,VIZE,VIZE,30,"0,81",-,-
21,VIZE,9,Promberger Jiří  Mgr.,66,VIZE,VIZE,12,"0,32",-,-
21,VIZE,10,Nývltová Božena   DiS.,50,VIZE,VIZE,35,"0,94",-,-
21,VIZE,11,Tikman Petr  Ing. MBA,40,VIZE,VIZE,69,"1,86",-,-
21,VIZE,12,Dvořák Lukáš,23,VIZE,VIZE,34,"0,91",-,-
21,VIZE,13,Kaplan Jakub,34,VIZE,VIZE,7,"0,18",-,-
21,VIZE,14,Rossi Helena,58,VIZE,VIZE,12,"0,32",-,-
21,VIZE,15,Navara Eduard  Mgr.,46,VIZE,VIZE,12,"0,32",-,-
21,VIZE,16,Janurová Šárka  Ing.,32,VIZE,VIZE,57,"1,54",-,-
21,VIZE,17,Sedláček Petr,28,VIZE,VIZE,26,"0,70",-,-
21,VIZE,18,Baubín Petr  Ing.,48,VIZE,VIZE,8,"0,21",-,-
21,VIZE,19,Zemanová Daniela  Ing. DiS.,50,VIZE,VIZE,15,"0,40",-,-
21,VIZE,20,Rott Zdeněk,43,VIZE,VIZE,29,"0,78",-,-
21,VIZE,21,Hnát Václav  Mgr.,67,VIZE,VIZE,8,"0,21",-,-
21,VIZE,22,Pištora Václav,30,VIZE,VIZE,17,"0,45",-,-
21,VIZE,23,Vlach Roman,39,VIZE,VIZE,6,"0,16",-,-
21,VIZE,24,Pekárek Pavel,65,VIZE,VIZE,4,"0,10",-,-
21,VIZE,25,Zeman Jakub,21,VIZE,VIZE,5,"0,13",-,-
21,VIZE,26,Ciencialová Šárka,30,VIZE,VIZE,6,"0,16",-,-
21,VIZE,27,Horák Jan  Ing.,24,VIZE,BEZPP,45,"1,21",-,-
22,Úsvit,2,Škrabánek Roman  Ing.,47,Úsvit,BEZPP,4 917,"10,39",-,-
22,Úsvit,3,Radostová Kateřina  JUDr. Mgr.,36,Úsvit,BEZPP,4 308,"9,10",-,-
22,Úsvit,4,Luska Jiří  prof. PaedDr. CSc.,62,Úsvit,BEZPP,1 422,"3,00",-,-
22,Úsvit,5,Navrátil Jindřich  MUDr.,33,Úsvit,BEZPP,918,"1,94",-,-
22,Úsvit,6,Hrnčíř Jan  PhDr. Ing. Mgr. MBA,37,Úsvit,BEZPP,955,"2,01",-,-
22,Úsvit,7,Kobza Jiří  Mgr.,58,Úsvit,BEZPP,341,"0,72",-,-
22,Úsvit,8,Rykalová Eva  Ing.,31,Úsvit,BEZPP,1 078,"2,27",-,-
22,Úsvit,9,Press Milan  RNDr.,57,Úsvit,BEZPP,163,"0,34",-,-
22,Úsvit,10,Nekovář Jiří  Mgr.,54,Úsvit,BEZPP,777,"1,64",-,-
22,Úsvit,11,Andrle Sylor Richard  Bc. MBA,39,Úsvit,BEZPP,530,"1,12",-,-
22,Úsvit,12,Foretník Pavel  RNDr.,64,Úsvit,BEZPP,353,"0,74",-,-
22,Úsvit,13,Holotová Jiřina  Bc.,51,Úsvit,BEZPP,361,"0,76",-,-
22,Úsvit,14,Davies Haladová Kateřina  Mgr.,41,Úsvit,BEZPP,295,"0,62",-,-
22,Úsvit,15,Krček Milan  Ing. MBA,51,Úsvit,BEZPP,284,"0,60",-,-
22,Úsvit,16,Jebavá Jarmila,38,Úsvit,BEZPP,570,"1,20",-,-
22,Úsvit,17,"Janoušková Lucie   DiS., BBA",34,Úsvit,BEZPP,186,"0,39",-,-
22,Úsvit,18,Jetlebová Jitka  Mgr.,34,Úsvit,BEZPP,342,"0,72",-,-
22,Úsvit,19,Kozubková Zuzana  Ing. DiS.,30,Úsvit,BEZPP,85,"0,17",-,-
22,Úsvit,20,Rudolf Štěpán  Ing.,59,Úsvit,BEZPP,41,"0,08",-,-
22,Úsvit,21,Szentkirályi Martin,23,Úsvit,BEZPP,77,"0,16",-,-
23,SZ,1,Liška Ondřej  Mgr.,36,SZ,SZ,12 501,"21,83",-,-
23,SZ,2,Suchardová Michaela  Mgr. LL.M.,37,SZ,SZ,4 153,"7,25",-,-
23,SZ,3,Vlašín Mojmír  RNDr.,59,SZ,BEZPP,2 541,"4,43",-,-
23,SZ,4,Kocumová Zuzana  Bc.,34,SZ,Změna,1 350,"2,35",-,-
23,SZ,5,Shanaáh Šádí   M.Phil.,31,SZ,SZ,1 644,"2,87",-,-
23,SZ,6,Hůlová Petra  Mgr. Ph.D.,34,SZ,SZ,2 011,"3,51",-,-
23,SZ,7,"Trnka Jan  MUDr. Ph.D., M.Phil.",36,SZ,SZ,581,"1,01",-,-
23,SZ,8,Pospěch Durnová Anna  Dr. Ph.D.,33,SZ,SZ,1 003,"1,75",-,-
23,SZ,9,Hirt Tomáš  Mgr. Ph.D.,39,SZ,SZ,527,"0,92",-,-
23,SZ,10,Vidímová Sára,23,SZ,SZ,451,"0,78",-,-
23,SZ,11,Trantina Pavel,38,SZ,SZ,751,"1,31",-,-
23,SZ,12,Konvalinková Hana Veronika  Mgr.,41,SZ,SZ,193,"0,33",-,-
23,SZ,13,Tišer David,29,SZ,SZ,220,"0,38",-,-
23,SZ,14,Hoffmannová Andrea  Mgr. Ph.D.,31,SZ,BEZPP,421,"0,73",-,-
23,SZ,15,Buřt Vladimír  Ing.,50,SZ,SZ,553,"0,96",-,-
23,SZ,16,Gabrielová Hana  Bc.,36,SZ,BEZPP,521,"0,91",-,-
23,SZ,17,Škabraha Martin  Mgr. Ph.D.,34,SZ,SZ,338,"0,59",-,-
23,SZ,18,Zůnová Jana  Mgr.,35,SZ,SZ,92,"0,16",-,-
23,SZ,19,Cuc Michal  Ing.,36,SZ,SZ,168,"0,29",-,-
23,SZ,20,Zapletalová Koláčková Jana  Mgr.,31,SZ,SZ,224,"0,39",-,-
23,SZ,21,Kulich Jiří  RNDr.,52,SZ,SZ,371,"0,64",-,-
23,SZ,22,Kopecká Zdenka  Mgr.,34,SZ,SZ,66,"0,11",-,-
23,SZ,23,Jadrný Josef,57,SZ,SZ,102,"0,17",-,-
23,SZ,24,Zachariášová Lucia  JUDr.,31,SZ,SZ,351,"0,61",-,-
23,SZ,25,Korytář Jan  Mgr.,42,SZ,Změna,435,"0,75",-,-
23,SZ,26,Klímová Soňa,54,SZ,BEZPP,53,"0,09",-,-
23,SZ,27,Rabas Přemysl  MVDr.,50,SZ,SZ,607,"1,06",-,-
23,SZ,28,Vachůnová Zuzana,26,SZ,SZ,226,"0,39",-,-
24,Svobodní,1,Mach Petr  Ing. Ph.D.,39,Svobodní,Svobodní,13 211,"16,60",*,1
24,Svobodní,2,Payne Jiří  RNDr.,57,Svobodní,Svobodní,3 696,"4,64",-,1
24,Svobodní,3,Pajonk Tomáš  Ing.,32,Svobodní,Svobodní,2 415,"3,03",-,2
24,Svobodní,4,Jedlička Vít  Bc.,30,Svobodní,Svobodní,1 411,"1,77",-,3
24,Svobodní,5,Pánek Martin  Ing.,26,Svobodní,Svobodní,1 141,"1,43",-,4
24,Svobodní,6,Bednář Miroslav  prof. PhDr. CSc.,65,Svobodní,Svobodní,963,"1,21",-,5
24,Svobodní,7,Polanecký Jan  Ing.,37,Svobodní,Svobodní,267,"0,33",-,6
24,Svobodní,8,Kremlík Vítězslav  Mgr.,37,Svobodní,Svobodní,476,"0,59",-,7
24,Svobodní,9,Vodička Milan  Ing.,64,Svobodní,Svobodní,238,"0,29",-,8
24,Svobodní,10,Ježek Jakub  Mgr.,31,Svobodní,Svobodní,468,"0,58",-,9
24,Svobodní,11,Zbořil Josef  Ing.,34,Svobodní,Svobodní,329,"0,41",-,10
24,Svobodní,12,Steinhauserová Irena  Ing. Mgr.,53,Svobodní,Svobodní,580,"0,72",-,11
24,Svobodní,13,Strachota Jiří  Mgr.,67,Svobodní,Svobodní,150,"0,18",-,12
24,Svobodní,14,Pešan Pavel  Bc.,39,Svobodní,Svobodní,79,"0,09",-,13
24,Svobodní,15,Prentis Philip  Ing.,33,Svobodní,Svobodní,142,"0,17",-,14
24,Svobodní,16,Miňovská Veronika  Ing.,27,Svobodní,Svobodní,230,"0,28",-,15
24,Svobodní,17,Urzová Jana,42,Svobodní,Svobodní,273,"0,34",-,16
24,Svobodní,18,Sladkovská Tereza,21,Svobodní,Svobodní,402,"0,50",-,17
24,Svobodní,19,Špoljarič Damir,26,Svobodní,Svobodní,66,"0,08",-,18
24,Svobodní,20,Korbelová Petra  Bc.,29,Svobodní,Svobodní,121,"0,15",-,19
24,Svobodní,21,Červenka Miroslav  Mgr.,58,Svobodní,Svobodní,96,"0,12",-,20
24,Svobodní,22,Hejdová Alice,41,Svobodní,Svobodní,70,"0,08",-,21
24,Svobodní,23,Lebduška Josef  Ing.,63,Svobodní,Svobodní,98,"0,12",-,22
24,Svobodní,24,Zapletal Jiří  Ing.,33,Svobodní,Svobodní,252,"0,31",-,23
24,Svobodní,25,Kupilík Václav,41,Svobodní,Svobodní,37,"0,04",-,24
24,Svobodní,26,Chvalovská Markéta,31,Svobodní,Svobodní,49,"0,06",-,25
24,Svobodní,27,Rybář Jiří,26,Svobodní,Svobodní,65,"0,08",-,26
25,RDS,1,Lučanský Rastislav,42,RDS,RDS,194,"16,37",-,-
25,RDS,2,Tancoš Miroslav,54,RDS,RDS,325,"27,42",-,-
26,KSČ,1,Hejna Miroslav  Ing.,68,KSČ,KSČ,288,"3,36",-,-
26,KSČ,2,Stehno Jaroslav  Bc.,51,KSČ,BEZPP,253,"2,95",-,-
26,KSČ,3,Mészáros Gábor  RSDr.,57,KSČ,KSČ,188,"2,19",-,-
26,KSČ,4,Servista Jozef  RSDr.,72,KSČ,KSČ,62,"0,72",-,-
26,KSČ,5,Petrášek Miloslav  Ing.,60,KSČ,KSČ,75,"0,87",-,-
26,KSČ,6,Holler Miroslav,67,KSČ,KSČ,74,"0,86",-,-
26,KSČ,7,Skařupa Jindřich  Ing.,58,KSČ,KSČ,149,"1,74",-,-
26,KSČ,8,Marešová Ladislava,52,KSČ,KSČ,293,"3,42",-,-
26,KSČ,9,Otcovský Josef,62,KSČ,KSČ,69,"0,80",-,-
26,KSČ,10,Herák Ján,59,KSČ,KSČ,61,"0,71",-,-
26,KSČ,11,Sukup Martin,41,KSČ,KSČ,284,"3,32",-,-
26,KSČ,12,Grünbauer Jiří  Ing.,58,KSČ,KSČ,110,"1,28",-,-
26,KSČ,13,Vyroubal Evžen,61,KSČ,KSČ,92,"1,07",-,-
26,KSČ,14,Mareš Petr,55,KSČ,KSČ,165,"1,93",-,-
26,KSČ,15,Sedláček Pavel,51,KSČ,BEZPP,115,"1,34",-,-
26,KSČ,16,Koleno Jozef,63,KSČ,KSČ,85,"0,99",-,-
26,KSČ,17,Mastík Antonín,67,KSČ,KSČ,42,"0,49",-,-
26,KSČ,18,Zejbrdlíková Dana,59,KSČ,KSČ,85,"0,99",-,-
26,KSČ,19,Válek Josef,65,KSČ,KSČ,25,"0,29",-,-
26,KSČ,20,Dlouhý Jan,76,KSČ,KSČ,40,"0,46",-,-
26,KSČ,21,Hollerová Věra  PhDr.,63,KSČ,KSČ,159,"1,85",-,-
27,PB,1,Cibulka Petr,63,PB,PB,1 595,"19,86",-,-
27,PB,2,Jebavá Miloslava  PhDr.,61,PB,PB,462,"5,75",-,-
27,PB,3,Hejl Petr  Ing. CSc.,60,PB,BEZPP,48,"0,59",-,-
27,PB,4,Nos Josef,65,PB,BEZPP,318,"3,96",-,-
27,PB,5,Zientek Zbyhněv  MUDr.,54,PB,BEZPP,66,"0,82",-,-
27,PB,6,Černota Miroslav,56,PB,BEZPP,27,"0,33",-,-
27,PB,7,Kočík Milan,58,PB,BEZPP,38,"0,47",-,-
27,PB,8,Žaludek Jindřich  Mgr.,59,PB,BEZPP,21,"0,26",-,-
27,PB,9,Kudláček Kryštof,30,PB,BEZPP,41,"0,51",-,-
27,PB,10,Štembera Oldřich  MUDr.,65,PB,BEZPP,41,"0,51",-,-
27,PB,11,Macíček Zdeněk,31,PB,BEZPP,33,"0,41",-,-
27,PB,12,Vašíček Jaroslav  Mgr.,66,PB,BEZPP,51,"0,63",-,-
27,PB,13,Bouřilová Zdeňka,47,PB,BEZPP,16,"0,19",-,-
27,PB,14,Krejsa Jaroslav  Bc.,56,PB,BEZPP,25,"0,31",-,-
27,PB,15,Palát Karel,55,PB,BEZPP,17,"0,21",-,-
27,PB,16,Pešula Milan Miki,54,PB,BEZPP,11,"0,13",-,-
27,PB,17,Froněk Roman,56,PB,BEZPP,13,"0,16",-,-
27,PB,18,Bečka Jan,36,PB,BEZPP,15,"0,18",-,-
27,PB,19,Schick Vilém,51,PB,BEZPP,15,"0,18",-,-
27,PB,20,Tichý Lubomír  Ing.,66,PB,BEZPP,25,"0,31",-,-
27,PB,21,Parožek František,52,PB,BEZPP,14,"0,17",-,-
27,PB,22,Lukáček Petr,55,PB,BEZPP,9,"0,11",-,-
27,PB,23,Fleglová Alena   DiS.,30,PB,BEZPP,49,"0,61",-,-
27,PB,24,Kazilovský František,57,PB,BEZPP,16,"0,19",-,-
27,PB,25,Vilím Stanislav,43,PB,BEZPP,42,"0,52",-,-
27,PB,26,Roubínek Miroslav,39,PB,BEZPP,18,"0,22",-,-
27,PB,27,Holán Radek,44,PB,BEZPP,22,"0,27",-,-
27,PB,28,Zigová Bronislava,54,PB,BEZPP,86,"1,07",-,-
28,ABS,1,Kasal Ivo  JUDr.,60,ABS,ABS,63,"8,27",-,-
28,ABS,2,Dobčák Martin  JUDr.,37,ABS,ABS,82,"10,77",-,-
29,Koal.DSSS a SPE,1,Vandas Tomáš  Mgr.,45,DSSS,DSSS,1 389,"17,57",-,-
29,Koal.DSSS a SPE,2,Zaremba Ota,57,DSSS,DSSS,659,"8,33",-,-
29,Koal.DSSS a SPE,3,Štěpánek Jiří  Mgr.,42,DSSS,DSSS,225,"2,84",-,-
29,Koal.DSSS a SPE,4,Komárek Václav  Mgr.,70,DSSS,DSSS,140,"1,77",-,-
29,Koal.DSSS a SPE,5,Froněk Jiří,29,DSSS,DSSS,91,"1,15",-,-
29,Koal.DSSS a SPE,6,Černý Svatopluk,57,DSSS,DSSS,40,"0,50",-,-
29,Koal.DSSS a SPE,7,Moravec Jiří,57,DSSS,DSSS,85,"1,07",-,-
29,Koal.DSSS a SPE,8,Mensa Edvard  JUDr.,65,DSSS,DSSS,36,"0,45",-,-
29,Koal.DSSS a SPE,9,Dvořák Otakar  Mgr.,70,DSSS,DSSS,51,"0,64",-,-
29,Koal.DSSS a SPE,10,Szwachulová Ivana,51,DSSS,DSSS,59,"0,74",-,-
29,Koal.DSSS a SPE,11,Skoumalová Simona  Bc.,28,DSSS,DSSS,139,"1,75",-,-
29,Koal.DSSS a SPE,12,Poláčková Alena,53,DSSS,DSSS,45,"0,56",-,-
29,Koal.DSSS a SPE,13,Vejvoda Tomáš,38,DSSS,DSSS,45,"0,56",-,-
29,Koal.DSSS a SPE,14,Chalupa Jaroslav  Mgr.,61,DSSS,DSSS,36,"0,45",-,-
29,Koal.DSSS a SPE,15,Marx Marcel,45,DSSS,DSSS,25,"0,31",-,-
29,Koal.DSSS a SPE,16,Bartáková Jiřina,52,DSSS,DSSS,40,"0,50",-,-
29,Koal.DSSS a SPE,17,Votava Libor  Ing.,50,DSSS,DSSS,18,"0,22",-,-
29,Koal.DSSS a SPE,18,Svoboda Jakub,25,DSSS,DSSS,70,"0,88",-,-
29,Koal.DSSS a SPE,19,Soukup Milan  Mgr.,48,DSSS,DSSS,24,"0,30",-,-
29,Koal.DSSS a SPE,20,Slavík David,39,DSSS,DSSS,25,"0,31",-,-
29,Koal.DSSS a SPE,21,Sojka Libor,58,DSSS,DSSS,13,"0,16",-,-
29,Koal.DSSS a SPE,22,Poledno Jiří,67,DSSS,DSSS,27,"0,34",-,-
29,Koal.DSSS a SPE,23,Šmucr Rudolf,64,DSSS,DSSS,6,"0,07",-,-
29,Koal.DSSS a SPE,24,Machová Iveta,40,DSSS,DSSS,35,"0,44",-,-
29,Koal.DSSS a SPE,25,Šarlejová Iveta,44,DSSS,DSSS,13,"0,16",-,-
29,Koal.DSSS a SPE,26,Kříž Vlastimil,43,DSSS,DSSS,29,"0,36",-,-
29,Koal.DSSS a SPE,27,Kuřec Jan,23,DSSS,DSSS,64,"0,80",-,-
29,Koal.DSSS a SPE,28,Müller Jan  Ing.,72,SPE,DSSS,24,"0,30",-,-
30,HSS,1,Zifčák Ludvík,54,HSS,HSS,95,"5,63",-,-
30,HSS,2,Michalák Štefan,47,HSS,HSS,51,"3,02",-,-
30,HSS,3,Cviček František,35,HSS,HSS,34,"2,01",-,-
30,HSS,4,Kurečková Kateřina,24,HSS,HSS,51,"3,02",-,-
30,HSS,5,Šik Martin,36,HSS,HSS,56,"3,32",-,-
30,HSS,6,Soušek Pavel,39,HSS,HSS,27,"1,60",-,-
30,HSS,7,Bendíková Jana,45,HSS,HSS,50,"2,96",-,-
30,HSS,8,Michalák Augustín,66,HSS,HSS,17,"1,00",-,-
30,HSS,9,Staníková Antonie,63,HSS,HSS,22,"1,30",-,-
30,HSS,10,Peterková Eva,65,HSS,HSS,22,"1,30",-,-
30,HSS,11,Kopčánová Olga,29,HSS,HSS,59,"3,50",-,-
30,HSS,12,Dirdová Naděžda,36,HSS,HSS,22,"1,30",-,-
30,HSS,13,Pasterňáková Tereza,23,HSS,HSS,37,"2,19",-,-
30,HSS,14,Snášelová Helena,60,HSS,HSS,15,"0,89",-,-
30,HSS,15,Pavlevský Pavel Elvis,44,HSS,HSS,42,"2,49",-,-
30,HSS,16,Cvičková Zdenka,57,HSS,HSS,24,"1,42",-,-
30,HSS,17,Siváková Gabriela,35,HSS,HSS,49,"2,90",-,-
30,HSS,18,Bršťáková Jarmila,56,HSS,HSS,26,"1,54",-,-
30,HSS,19,Škultety Milan,38,HSS,HSS,16,"0,94",-,-
30,HSS,20,Turčín Jindřich,58,HSS,HSS,18,"1,06",-,-
30,HSS,21,Kurečka Ladislav,61,HSS,HSS,39,"2,31",-,-
31,Republika,1,Chaloupka Otto,53,Republika,Republika,260,"11,60",-,-
31,Republika,2,Jurinová Eva  Mgr.,59,Republika,BEZPP,597,"26,65",-,-
31,Republika,3,Lebeda Pavel  MUDr.,73,Republika,BEZPP,52,"2,32",-,-
31,Republika,4,Křížová Olga  PaedDr.,51,Republika,BEZPP,145,"6,47",-,-
31,Republika,5,Krejča Miroslav  Ing. Bc. CSc.,58,Republika,BEZPP,121,"5,40",-,-
31,Republika,6,Sitarová Radka  Mgr.,33,Republika,Republika,62,"2,76",-,-
31,Republika,7,Hamouz Zdeněk  Ing. MBA,38,Republika,Republika,12,"0,53",-,-
31,Republika,8,Drastichová Jana  Mgr.,37,Republika,Republika,50,"2,23",-,-
31,Republika,9,Renc Zdeněk,67,Republika,Republika,18,"0,80",-,-
31,Republika,10,Schauerová Michaela  Bc.,24,Republika,Republika,43,"1,91",-,-
31,Republika,11,Jedinák Bohuslav,43,Republika,Republika,53,"2,36",-,-
31,Republika,12,Henychová Kateřina  Mgr.,35,Republika,Republika,24,"1,07",-,-
31,Republika,13,Vítek Jiří,49,Republika,Republika,15,"0,66",-,-
31,Republika,14,Hrdina Jan  Mgr.,33,Republika,Republika,16,"0,71",-,-
31,Republika,15,Gaťák Zdeněk,59,Republika,Republika,18,"0,80",-,-
31,Republika,16,Dočkal Tomáš,36,Republika,Republika,12,"0,53",-,-
31,Republika,17,Cekota Antonín,58,Republika,Republika,36,"1,60",-,-
31,Republika,18,Kaštánek Vojtěch,25,Republika,Republika,19,"0,84",-,-
31,Republika,19,Kern Michal,32,Republika,Republika,9,"0,40",-,-
31,Republika,20,Kaman Pavel  Ing.,51,Republika,BEZPP,42,"1,87",-,-
31,Republika,21,Kolář Pavel,49,Republika,Republika,22,"0,98",-,-
31,Republika,22,Cieluch Radim,47,Republika,BEZPP,5,"0,22",-,-
31,Republika,23,Dostál Luboš,47,Republika,BEZPP,2,"0,08",-,-
31,Republika,24,Potapov Miroslav,26,Republika,Republika,5,"0,22",-,-
32,Piráti,1,Bartoš Ivan  PhDr. Ph.D.,34,Piráti,Piráti,12 644,"17,43",-,-
32,Piráti,2,Kolaja Marcel  Bc.,33,Piráti,Piráti,2 452,"3,38",-,-
32,Piráti,3,Gregorová Markéta,21,Piráti,Piráti,2 008,"2,76",-,-
32,Piráti,4,Pikal Vojtěch  Bc.,27,Piráti,Piráti,1 074,"1,48",-,-
32,Piráti,5,Tožička Tomáš,47,Piráti,"""Z""",996,"1,37",-,-
32,Piráti,6,Pexa Mikuláš  Mgr.,27,Piráti,PIRATEN,786,"1,08",-,-
32,Piráti,7,Krška Filip  Mgr.,37,Piráti,Piráti,379,"0,52",-,-
32,Piráti,8,Polák Michael,40,Piráti,Piráti,476,"0,65",-,-
32,Piráti,9,Ferjenčík Mikuláš,27,Piráti,Piráti,1 058,"1,45",-,-
32,Piráti,10,Mahrik Viktor,32,Piráti,Piráti,99,"0,13",-,-
32,Piráti,11,Vašíčková Mária,49,Piráti,Piráti,246,"0,33",-,-
32,Piráti,12,Štěpánek Zdeněk  Bc.,31,Piráti,Piráti,240,"0,33",-,-
32,Piráti,13,Kučera Roman  Ing.,50,Piráti,Piráti,195,"0,26",-,-
32,Piráti,14,Dérer Ivan,46,Piráti,BEZPP,140,"0,19",-,-
32,Piráti,15,Skořepa Adam,22,Piráti,BEZPP,168,"0,23",-,-
32,Piráti,16,Kopečný Petr  Ing.,30,Piráti,Piráti,182,"0,25",-,-
32,Piráti,17,Rohová Jana,27,Piráti,Piráti,319,"0,43",-,-
32,Piráti,18,Demel Jiří,56,Piráti,Piráti,97,"0,13",-,-
32,Piráti,19,Simkanič Radek,25,Piráti,Piráti,126,"0,17",-,-
32,Piráti,20,Fořtík Václav,43,Piráti,BEZPP,498,"0,68",-,-
32,Piráti,21,Třešňák Petr  Ing.,31,Piráti,Piráti,209,"0,28",-,-
32,Piráti,22,Štipl Stanislav  Bc.,25,Piráti,Piráti,177,"0,24",-,-
32,Piráti,23,Světnička Karel  Mgr. Bc.,53,Piráti,BEZPP,234,"0,32",-,-
32,Piráti,24,Doležal Patrik,42,Piráti,BEZPP,128,"0,17",-,-
32,Piráti,25,Weidisch Tomáš,21,Piráti,Piráti,132,"0,18",-,-
32,Piráti,26,Sůra Aleš  Ing. Bc.,37,Piráti,Piráti,92,"0,12",-,-
32,Piráti,27,Holovský Sebastian  Bc. et Bc.,29,Piráti,Piráti,190,"0,26",-,-
33,ČS,1,Volfová Jana  Mgr.,56,ČS,ČS,276,"13,23",-,-
33,ČS,2,Jindrák Miroslav  JUDr.,63,ČS,ČS,65,"3,11",-,-
33,ČS,3,Paukejová Marie  Ing.,59,ČS,ČS,99,"4,74",-,-
33,ČS,4,Štefka Vladislav  JUDr.,64,ČS,BEZPP,34,"1,62",-,-
33,ČS,5,Tomešová Luďka,45,ČS,ČS,45,"2,15",-,-
33,ČS,6,Dryml Vladimír  MUDr.,62,ČS,BEZPP,183,"8,77",-,-
33,ČS,7,Bártová Petra  Mgr.,50,ČS,ČS,35,"1,67",-,-
33,ČS,8,Pavlíček Zdeněk  Bc.,46,ČS,ČS,67,"3,21",-,-
33,ČS,9,Jakubův Michaela,38,ČS,ČS,15,"0,71",-,-
33,ČS,10,Kopa Václav  PhDr.,57,ČS,ČS,68,"3,25",-,-
33,ČS,11,Zubová Olga  PhDr.,54,ČS,ČS,67,"3,21",-,-
33,ČS,12,Anderle Jiří,44,ČS,DSZ,165,"7,90",-,-
33,ČS,13,Levá Vladimíra  PhDr. Ph.D.,51,ČS,BEZPP,20,"0,95",-,-
33,ČS,14,Chmelarčík Jiří  JUDr.,64,ČS,ČS,19,"0,91",-,-
33,ČS,15,Kubcová Helena  Mgr.,58,ČS,PSZ,16,"0,76",-,-
33,ČS,16,Mátl Aleš,44,ČS,ČS,17,"0,81",-,-
33,ČS,17,Morávková Eva,35,ČS,ČS,16,"0,76",-,-
33,ČS,18,Nedbálek Karel  Mgr.,27,ČS,ČS,23,"1,10",-,-
33,ČS,19,Červáková Jana,57,ČS,ČS,25,"1,19",-,-
33,ČS,20,Havránek Pavel,38,ČS,ČS,13,"0,62",-,-
33,ČS,21,Pospíšilová Dana,50,ČS,ČS,8,"0,38",-,-
33,ČS,22,Fila Tomáš,47,ČS,ČS,30,"1,43",-,-
33,ČS,23,Duková Ivana  PhDr. et Mgr.,47,ČS,ČS,18,"0,86",-,-
33,ČS,24,Kopal Jan  Mgr. Bc.,36,ČS,ČS,17,"0,81",-,-
33,ČS,25,Beširevičová Eva,63,ČS,ČS,19,"0,91",-,-
33,ČS,26,Bora František  Ing.,60,ČS,ČS,18,"0,86",-,-
33,ČS,27,Nechvátal Vladislav  Ing.,48,ČS,ČS,10,"0,47",-,-
33,ČS,28,Ferenc Bohumil,46,ČS,ČS,22,"1,05",-,-
34,KČ,1,Srb Václav,56,KČ,KČ,145,"5,95",-,-
34,KČ,2,Štogrová Jarmila,58,KČ,BEZPP,72,"2,95",-,-
34,KČ,3,Andrš Pavel  MUDr.,50,KČ,KČ,181,"7,43",-,-
34,KČ,4,Novotný Svatopluk,38,KČ,KČ,26,"1,06",-,-
34,KČ,5,Kodeda Oldřich  Ing. arch.,55,KČ,BEZPP,64,"2,62",-,-
34,KČ,6,Kellerová Pavla  Mgr.,52,KČ,KČ,54,"2,21",-,-
34,KČ,7,Šauerová Kateřina  Ing.,51,KČ,BEZPP,20,"0,82",-,-
34,KČ,9,Špaček Radim  RNDr.,54,KČ,KČ,53,"2,17",-,-
34,KČ,10,Oram Vítězslav  Ing.,51,KČ,KČ,28,"1,15",-,-
34,KČ,11,Petr Josef  Mgr.A.,44,KČ,KČ,36,"1,47",-,-
34,KČ,12,Bašus Michal  Mgr.,45,KČ,KČ,11,"0,45",-,-
34,KČ,13,Mrzílek Jan,60,KČ,KČ,13,"0,53",-,-
34,KČ,14,Nečas Otakar  Ing.,62,KČ,KČ,18,"0,73",-,-
34,KČ,15,Bernáth Martin,48,KČ,KČ,17,"0,69",-,-
34,KČ,16,Lutovský Michal  PhDr.,53,KČ,KČ,68,"2,79",-,-
34,KČ,17,Drnek Jan,53,KČ,KČ,60,"2,46",-,-
34,KČ,18,Nohel Petr  Mgr.,35,KČ,KČ,46,"1,88",-,-
34,KČ,19,Vlček Patrik  Mgr.A.,43,KČ,BEZPP,14,"0,57",-,-
34,KČ,20,Thun Lukáš  PhDr.,32,KČ,BEZPP,57,"2,34",-,-
34,KČ,21,Klapil Petr,41,KČ,BEZPP,20,"0,82",-,-
34,KČ,22,Ešlerová Marie,65,KČ,KČ,21,"0,86",-,-
34,KČ,23,Molinová Dagmar  Mgr.,49,KČ,KČ,26,"1,06",-,-
34,KČ,24,Kolář Milan,58,KČ,KČ,5,"0,20",-,-
34,KČ,25,Stanzel Marek  RNDr.,55,KČ,BEZPP,37,"1,52",-,-
34,KČ,26,Štipl Ctirad,71,KČ,KČ,21,"0,86",-,-
34,KČ,27,Krejčí Vladimír,66,KČ,KČ,8,"0,32",-,-
34,KČ,28,Žatečka Petr,38,KČ,BEZPP,4,"0,16",-,-
35,ANEO,1,Prokůpek Václav  Ing. Ph.D.,41,ANEO,BEZPP,204,"16,42",-,-
35,ANEO,2,Martinec Alexandr,29,ANEO,BEZPP,61,"4,91",-,-
35,ANEO,3,Kohout Lukáš,30,ANEO,ANEO,28,"2,25",-,-
35,ANEO,4,Toman Luděk  Ing.,45,ANEO,BEZPP,105,"8,45",-,-
35,ANEO,5,Stehlík Vladimír  Doc. Akad. arch.,70,ANEO,BEZPP,63,"5,07",-,-
35,ANEO,6,Bezák Jiří,54,ANEO,BEZPP,36,"2,89",-,-
35,ANEO,7,Suchomel Pavel,53,ANEO,BEZPP,6,"0,48",-,-
35,ANEO,9,Alakša Štefan  Bc.,29,ANEO,BEZPP,28,"2,25",-,-
35,ANEO,10,Lajner Jindřich,34,ANEO,BEZPP,15,"1,20",-,-
35,ANEO,11,Tejchman Milan  MUDr.,49,ANEO,BEZPP,32,"2,57",-,-
35,ANEO,13,Prokeš Vladimír,46,ANEO,BEZPP,16,"1,28",-,-
35,ANEO,14,Jandík Miloslav,71,ANEO,ANEO,14,"1,12",-,-
35,ANEO,15,Volf Pavel,25,ANEO,BEZPP,52,"4,18",-,-
35,ANEO,16,de Bikavér Mário Alessandro  Mgr.,50,ANEO,BEZPP,42,"3,38",-,-
35,ANEO,17,Olšina Josef,54,ANEO,BEZPP,23,"1,85",-,-
35,ANEO,18,Lekešová Lenka,39,ANEO,BEZPP,3,"0,24",-,-
35,ANEO,20,Liška Martin,37,ANEO,BEZPP,4,"0,32",-,-
36,ČSNS,1,Klusáček Michal  Ing.,34,ČSNS,ČSNS,60,"11,95",-,-
36,ČSNS,2,Mlejnský Václav,40,ČSNS,BEZPP,30,"5,97",-,-
36,ČSNS,3,Novák Petr  Bc.,34,ČSNS,ČSNS,5,"0,99",-,-
36,ČSNS,4,Heger Tadeáš,21,ČSNS,ČSNS,15,"2,98",-,-
36,ČSNS,5,Janko Karel  Ing.,70,ČSNS,ČSNS2005,22,"4,38",-,-
36,ČSNS,6,Marková Eliška  Bc.,25,ČSNS,ČSNS,21,"4,18",-,-
36,ČSNS,7,Brázdil Miroslav,45,ČSNS,ČSNS,12,"2,39",-,-
36,ČSNS,8,Doskočil Karel,61,ČSNS,ČSNS,15,"2,98",-,-
37,O.K.strana,1,Černý Pavel  Mgr.,46,O.K. strana,O.K. strana,1 408,"40,44",-,-
37,O.K.strana,2,Danda Bedřich,74,O.K. strana,SsČR,97,"2,78",-,-
37,O.K.strana,3,Kasal Karel,63,O.K. strana,O.K. strana,84,"2,41",-,-
37,O.K.strana,4,Thaisz Petr,48,O.K. strana,SsČR,73,"2,09",-,-
37,O.K.strana,5,Ullrichová Šárka,39,O.K. strana,O.K. strana,71,"2,03",-,-
37,O.K.strana,6,Novák Richard  JUDr.,52,O.K. strana,O.K. strana,74,"2,12",-,-
37,O.K.strana,7,Vaštová Veronika  MUDr.,41,O.K. strana,O.K. strana,89,"2,55",-,-
37,O.K.strana,8,Prokešová Jana  Mgr.,44,O.K. strana,O.K. strana,52,"1,49",-,-
37,O.K.strana,9,Gabrielová Jana  Ing.,47,O.K. strana,O.K. strana,16,"0,45",-,-
37,O.K.strana,10,Nováčková Lenka  Ing.,29,O.K. strana,O.K. strana,23,"0,66",-,-
37,O.K.strana,11,Metelec Robert,38,O.K. strana,O.K. strana,21,"0,60",-,-
37,O.K.strana,12,Svoboda Daniel,21,O.K. strana,O.K. strana,40,"1,14",-,-
37,O.K.strana,13,Stepanovič Alexandr,32,O.K. strana,O.K. strana,3,"0,08",-,-
37,O.K.strana,14,Hrbek Jiří,31,O.K. strana,O.K. strana,1,"0,02",-,-
37,O.K.strana,15,Müller Daniel,23,O.K. strana,O.K. strana,8,"0,22",-,-
37,O.K.strana,16,Čiberová Nedvědová Pavlína,44,O.K. strana,O.K. strana,7,"0,20",-,-
37,O.K.strana,17,Klufa Martin  Ing.,29,O.K. strana,O.K. strana,9,"0,25",-,-
37,O.K.strana,18,Kaštanová Viera,36,O.K. strana,O.K. strana,15,"0,43",-,-
37,O.K.strana,19,Piskunová Alena  Mgr.,44,O.K. strana,O.K. strana,18,"0,51",-,-
37,O.K.strana,20,Šmíd Václav,37,O.K. strana,O.K. strana,6,"0,17",-,-
37,O.K.strana,21,Vacek Robert  Ing.,42,O.K. strana,O.K. strana,11,"0,31",-,-
37,O.K.strana,22,Reiss Miroslav,23,O.K. strana,O.K. strana,12,"0,34",-,-
37,O.K.strana,23,Hašek Jakub  Ing.,33,O.K. strana,O.K. strana,3,"0,08",-,-
37,O.K.strana,24,Tyšlová Lenka,32,O.K. strana,O.K. strana,13,"0,37",-,-
37,O.K.strana,25,Strnad Martin,40,O.K. strana,O.K. strana,9,"0,25",-,-
37,O.K.strana,26,Satran Eugen,27,O.K. strana,O.K. strana,8,"0,22",-,-
37,O.K.strana,27,Velička Radek,35,O.K. strana,O.K. strana,8,"0,22",-,-
38,VV,1,John Radek  Mgr.,59,VV,VV,2 580,"36,92",-,-
38,VV,2,Chytrová Simona,51,VV,VV,330,"4,72",-,-
38,VV,3,Kohout Jiří  Ing.,46,VV,VV,164,"2,34",-,-
38,VV,4,Olmer Vít  Mgr. et Mgr.,71,VV,BEZPP,301,"4,30",-,-
38,VV,5,Dobrozemský Aleš  Ing.,51,VV,VV,74,"1,05",-,-
38,VV,6,Čečilová Alice  MUDr.,55,VV,VV,92,"1,31",-,-
38,VV,7,Hron Ivan  JUDr.,65,VV,VV,78,"1,11",-,-
38,VV,8,Lexa Jiří  Ing.,60,VV,VV,24,"0,34",-,-
38,VV,9,Majer Antonín,56,VV,VV,21,"0,30",-,-
38,VV,10,Riedlová Puškašová Soňa,40,VV,VV,20,"0,28",-,-
38,VV,11,Bayerová Lydie,60,VV,VV,9,"0,12",-,-
38,VV,12,Kůstka Martin  Ing.,47,VV,VV,39,"0,55",-,-
38,VV,13,Bezpalec Jaroslav,48,VV,VV,19,"0,27",-,-
38,VV,14,Quittová Petra  Bc.,41,VV,VV,40,"0,57",-,-
38,VV,15,Targová Jana,52,VV,VV,29,"0,41",-,-
38,VV,16,Elezi Jana,48,VV,VV,23,"0,32",-,-
38,VV,17,Chalupa Radek,55,VV,VV,22,"0,31",-,-
38,VV,18,Hanus Josef,68,VV,VV,13,"0,18",-,-
38,VV,19,Hrochová Ilona  Mgr.,48,VV,VV,37,"0,52",-,-
38,VV,20,Slavík Zdeněk  Ing.,41,VV,BEZPP,43,"0,61",-,-
38,VV,21,Frýbertová Marta,62,VV,VV,27,"0,38",-,-
38,VV,22,Dostál Martin  Mgr.,39,VV,VV,34,"0,48",-,-
38,VV,23,Mauermann Břetislav,27,VV,VV,17,"0,24",-,-
38,VV,24,Vittek Petr  Bc.,22,VV,VV,97,"1,38",-,-
38,VV,25,Kádner David,37,VV,VV,29,"0,41",-,-
38,VV,26,Havlová Olga,60,VV,VV,41,"0,58",-,-
38,VV,27,Ulrichová Hakenová Marie,65,VV,BEZPP,51,"0,72",-,-
38,VV,28,Klasnová Kateřina  ThDr.,36,VV,VV,659,"9,43",-,-
39,OBČ_2011,1,Benešová Petra  Ing.,30,OBČ_2011,OBČ_2011,162,"12,47",-,-
39,OBČ_2011,2,Kalousková Šorfová Alžběta  Mgr.,45,OBČ_2011,BEZPP,133,"10,23",-,-
39,OBČ_2011,3,Benýšek Jiří,23,OBČ_2011,OBČ_2011,49,"3,77",-,-
39,OBČ_2011,4,Hrnčíř Tomáš,37,OBČ_2011,OBČ_2011,32,"2,46",-,-
39,OBČ_2011,6,Adámek Karel  Ing.,61,OBČ_2011,OBČ_2011,24,"1,84",-,-
39,OBČ_2011,7,Koromházová Vanda,49,OBČ_2011,BEZPP,31,"2,38",-,-
